<?xml version="1.0" encoding="UTF-8"?>
<beans xmlns="http://www.springframework.org/schema/beans"
    xmlns:xsi="http://www.w3.org/2001/XMLSchema-instance" xmlns:p="http://www.springframework.org/schema/p"
    xmlns:aop="http://www.springframework.org/schema/aop" xmlns:context="http://www.springframework.org/schema/context"
    xmlns:jee="http://www.springframework.org/schema/jee" xmlns:tx="http://www.springframework.org/schema/tx"
    xmlns:task="http://www.springframework.org/schema/task"
    xsi:schemaLocation="http://www.springframework.org/schema/beans 
    					http://www.springframework.org/schema/beans/spring-beans.xsd 
    					http://www.springframework.org/schema/context 
    					http://www.springframework.org/schema/context/spring-context.xsd 
    					http://www.springframework.org/schema/jee 
    					http://www.springframework.org/schema/jee/spring-jee.xsd 
    					http://www.springframework.org/schema/tx 
    					http://www.springframework.org/schema/tx/spring-tx.xsd 
    					http://www.springframework.org/schema/task 
    					http://www.springframework.org/schema/task/spring-task.xsd">

							

           <context:component-scan base-package="com.curso.hellohibernate.*" />
           
           <tx:annotation-driven  transaction-manager="transactionManager" />
            
          <bean id="dataSource" class="org.apache.commons.dbcp.BasicDataSource" destroy-method="close">
             <property name="driverClassName" value="com.mysql.jdbc.Driver" />
             <property name="url" value="jdbc:mysql://localhost:3306/springdata" />
             <property name="username" value="root" />
             <property name="password" value="root" />
           </bean>
          
           <bean id="sessionFactory" class="org.springframework.orm.hibernate5.LocalSessionFactoryBean">
             <property name="dataSource" ref="dataSource"></property>
              <property name="annotatedClasses">
                     <list>
                         <value>com.curso.hellohibernate.model.Employee</value>
                     	 <value>com.curso.hellohibernate.model.Department</value>
                     	 <value>com.curso.hellohibernate.model.Organizacion</value>
                     </list>
                 </property>
             <property name="hibernateProperties">
               <props>
					<prop key="hibernate.dialect">org.hibernate.dialect.MySQL55Dialect</prop>
					<prop key="hibernate.show_sql">true</prop>
					<prop key="hibernate.generate_statistics">true</prop>
					<prop key="hibernate.hbm2ddl.auto">create-drop</prop>
					<prop key="hibernate.format_sql">true</prop>
					<prop key="hibernate.id.new_generator_mappings">true</prop>
					<!-- <prop key="hibernate.cache.use_query_cache">false</prop>
					<prop key="hibernate.cache.use_second_level_cache">false</prop>
					<prop key="org.hibernate.envers.audit_table_suffix">_AUDIT</prop>
					<prop key="hibernate.cache.provider_class">org.hibernate.cache.EhCacheProvider</prop>
					-->
               </props>
             </property>
           </bean>
            
           <bean id="transactionManager" class="org.springframework.orm.hibernate5.HibernateTransactionManager"
             p:sessionFactory-ref="sessionFactory">
           </bean>
</beans>
